{
  "rmse": 4410.87522653799,
  "mae": 2431.1094961009503,
  "r2": 0.8746796828731737,
  "mape": 30.522794922907533
}